mode,rung,loss,standardize,retrieval,alpha,cavity_loss,cavity_thr,alp_head,ensemble,held_out,seed,n_test,alp_mae,cavity_auc,cavity_f1,timika_mae,timika_pearson,timika_mae_ci_lo,timika_mae_ci_hi,conformal_cov,conformal_width,base_timika_mae,paper_timika_mae,cav_best_val_ce,verdict
fusion,rung1_mse,mse,none,False,0.0,ce,0.5,mlp,1,Romania,0,220,11.683361053466797,,,19.139536888707763,0.6675568305462959,17.162039999214088,21.13376572825963,,,20.26,18.7,0.5340337157249451,within-noise
fusion,rung1_mse,mse,none,False,0.0,ce,0.5,mlp,1,Romania,1,220,12.177048683166504,,,19.94871473832564,0.6479487447973832,17.859352773579683,21.950917497233913,,,20.26,18.7,0.529326856136322,within-noise
fusion,rung1_mse,mse,none,False,0.0,ce,0.5,mlp,1,Romania,2,220,12.422636032104492,,,21.499642999605697,0.6079749213259991,19.198619849221274,23.879170836697924,,,20.26,18.7,0.5664180517196655,within-noise
fusion,rung1_mse,mse,none,False,0.0,ce,0.5,mlp,1,Romania,3,220,11.938365936279297,,,18.804350558736108,0.6950161076214203,16.988271638070994,20.72559442630952,,,20.26,18.7,0.5793893933296204,within-noise
fusion,rung1_mse,mse,none,False,0.0,ce,0.5,mlp,1,Romania,4,220,13.362903594970703,,,19.7758123728362,0.6570943071192153,17.81371688786691,21.78331198190559,,,20.26,18.7,0.5446211695671082,within-noise
fusion,rung1_mse,mse,none,False,0.0,ce,0.5,mlp,1,Moldova,0,589,21.344449996948242,,,23.27866182813013,0.8060268536887185,21.5835688678012,24.951672275135188,,,26.16,18.85,0.5669577717781067,BEATS
fusion,rung1_mse,mse,none,False,0.0,ce,0.5,mlp,1,Moldova,1,589,19.629379272460938,,,21.947297323256073,0.7965071148921783,20.403427220900717,23.507555963968784,,,26.16,18.85,0.545996904373169,BEATS
fusion,rung1_mse,mse,none,False,0.0,ce,0.5,mlp,1,Moldova,2,589,19.456220626831055,,,21.8811106187176,0.7881164835926586,20.474268615284274,23.29870804400315,,,26.16,18.85,0.5653663277626038,BEATS
fusion,rung1_mse,mse,none,False,0.0,ce,0.5,mlp,1,Moldova,3,589,19.880517959594727,,,22.181357282632884,0.7721523771035805,20.57033640993522,23.720055794313627,,,26.16,18.85,0.5528581738471985,BEATS
fusion,rung1_mse,mse,none,False,0.0,ce,0.5,mlp,1,Moldova,4,589,22.64468765258789,,,23.46906441795072,0.8118754209610027,21.67414322143117,25.1420566400453,,,26.16,18.85,0.58884596824646,BEATS
fusion,rung1_mse,mse,none,False,0.0,ce,0.5,mlp,1,Kazakhstan,0,399,10.428962707519531,,,17.805244845854013,0.7830073064697103,16.32026670529206,19.25886269930685,,,21.9,19.62,0.5771103501319885,BEATS
fusion,rung1_mse,mse,none,False,0.0,ce,0.5,mlp,1,Kazakhstan,1,399,10.808452606201172,,,17.44979937871297,0.7862741572744258,16.03229664124642,18.885816462477642,,,21.9,19.62,0.5406512022018433,BEATS
fusion,rung1_mse,mse,none,False,0.0,ce,0.5,mlp,1,Kazakhstan,2,399,10.767521858215332,,,19.01160854220689,0.7623276749821852,17.595907389721777,20.37189619193101,,,21.9,19.62,0.5351744890213013,BEATS
fusion,rung1_mse,mse,none,False,0.0,ce,0.5,mlp,1,Kazakhstan,3,399,10.6564359664917,,,18.88246002197266,0.7438319606484081,17.389168537345746,20.483683051992774,,,21.9,19.62,0.5405147075653076,BEATS
fusion,rung1_mse,mse,none,False,0.0,ce,0.5,mlp,1,Kazakhstan,4,399,10.84044361114502,,,19.42858295339092,0.7667503498774474,18.023808663432163,20.79347798085452,,,21.9,19.62,0.516109824180603,BEATS
fusion,rung1_bmc,bmc,none,False,0.0,ce,0.5,mlp,1,Romania,0,220,12.4668550491333,,,19.904840477705,0.6481594993648282,17.61054327431592,22.110657008685845,,,20.26,18.7,0.5340337157249451,within-noise
fusion,rung1_bmc,bmc,none,False,0.0,ce,0.5,mlp,1,Romania,1,220,12.2417631149292,,,20.218487630649047,0.6400599672161245,18.27166951873357,22.176438476229254,,,20.26,18.7,0.529326856136322,within-noise
fusion,rung1_bmc,bmc,none,False,0.0,ce,0.5,mlp,1,Romania,2,220,13.242341041564941,,,20.32357727310874,0.6704670033132535,18.27369337245551,22.529738980856813,,,20.26,18.7,0.5664180517196655,within-noise
fusion,rung1_bmc,bmc,none,False,0.0,ce,0.5,mlp,1,Romania,3,220,13.550379753112793,,,19.79357708239081,0.6713426700810249,17.90376680407741,21.85803211310887,,,20.26,18.7,0.5793893933296204,within-noise
fusion,rung1_bmc,bmc,none,False,0.0,ce,0.5,mlp,1,Romania,4,220,12.540578842163086,,,20.12784345388413,0.6461000057616006,18.075538170700728,22.280781355635682,,,20.26,18.7,0.5446211695671082,within-noise
fusion,rung1_bmc,bmc,none,False,0.0,ce,0.5,mlp,1,Moldova,0,589,21.991289138793945,,,22.401717708743035,0.8164190729289732,20.68381195695106,24.050863413427166,,,26.16,18.85,0.5669577717781067,BEATS
fusion,rung1_bmc,bmc,none,False,0.0,ce,0.5,mlp,1,Moldova,1,589,20.746715545654297,,,21.352729330184047,0.7919651643842989,19.838076300085927,23.014119248259146,,,26.16,18.85,0.545996904373169,BEATS
fusion,rung1_bmc,bmc,none,False,0.0,ce,0.5,mlp,1,Moldova,2,589,21.050640106201172,,,21.75705217193363,0.7767011223810653,20.253092788139355,23.235555451715744,,,26.16,18.85,0.5653663277626038,BEATS
fusion,rung1_bmc,bmc,none,False,0.0,ce,0.5,mlp,1,Moldova,3,589,21.80964469909668,,,22.674800803321325,0.7762305441862817,21.050225396744263,24.318119824699714,,,26.16,18.85,0.5528581738471985,BEATS
fusion,rung1_bmc,bmc,none,False,0.0,ce,0.5,mlp,1,Moldova,4,589,20.928115844726562,,,21.42946820877657,0.8096457652325766,19.82483966075586,23.027581372217977,,,26.16,18.85,0.58884596824646,BEATS
fusion,rung1_bmc,bmc,none,False,0.0,ce,0.5,mlp,1,Kazakhstan,0,399,10.75368595123291,,,17.35808298686393,0.7880115437599515,15.857693865152827,18.916176054704007,,,21.9,19.62,0.5771103501319885,BEATS
fusion,rung1_bmc,bmc,none,False,0.0,ce,0.5,mlp,1,Kazakhstan,1,399,10.797048568725586,,,16.367031089140962,0.7967735370643282,14.774075478454026,17.887574634892154,,,21.9,19.62,0.5406512022018433,BEATS
fusion,rung1_bmc,bmc,none,False,0.0,ce,0.5,mlp,1,Kazakhstan,2,399,10.563875198364258,,,17.314625728932374,0.7823568336136545,15.88186666465488,18.831406550440157,,,21.9,19.62,0.5351744890213013,BEATS
fusion,rung1_bmc,bmc,none,False,0.0,ce,0.5,mlp,1,Kazakhstan,3,399,10.37714672088623,,,18.000638218914954,0.7557331292319631,16.429946088222113,19.614381605967466,,,21.9,19.62,0.5405147075653076,BEATS
fusion,rung1_bmc,bmc,none,False,0.0,ce,0.5,mlp,1,Kazakhstan,4,399,10.674437522888184,,,17.5841199471837,0.7784458305400226,16.11985949133348,19.122101140052898,,,21.9,19.62,0.516109824180603,BEATS
fusion,rung2_tta,bmc,transductive,False,0.0,ce,0.5,mlp,1,Romania,0,220,12.832204818725586,,,20.416753479110618,0.6816061935355467,18.357791300365655,22.53652972099678,,,20.26,18.7,0.5340337157249451,within-noise
fusion,rung2_tta,bmc,transductive,False,0.0,ce,0.5,mlp,1,Romania,1,220,12.928220748901367,,,21.2304951141272,0.6646352412939096,19.083256467746697,23.488243290075918,,,20.26,18.7,0.529326856136322,within-noise
fusion,rung2_tta,bmc,transductive,False,0.0,ce,0.5,mlp,1,Romania,2,220,12.34267807006836,,,21.060523007521404,0.6798653752255294,19.013114300946768,23.30619967471226,,,20.26,18.7,0.5664180517196655,within-noise
fusion,rung2_tta,bmc,transductive,False,0.0,ce,0.5,mlp,1,Romania,3,220,14.637364387512207,,,20.72251707816835,0.6946624852153069,18.620915108129342,22.814860144206495,,,20.26,18.7,0.5793893933296204,within-noise
fusion,rung2_tta,bmc,transductive,False,0.0,ce,0.5,mlp,1,Romania,4,220,13.003520965576172,,,20.83456577307102,0.6710749522720686,18.7814688476849,22.979835921935027,,,20.26,18.7,0.5446211695671082,within-noise
fusion,rung2_tta,bmc,transductive,False,0.0,ce,0.5,mlp,1,Moldova,0,589,16.45975112915039,,,20.061539956866582,0.8058266427609593,18.60268516297656,21.515800056573894,,,26.16,18.85,0.5669577717781067,BEATS
fusion,rung2_tta,bmc,transductive,False,0.0,ce,0.5,mlp,1,Moldova,1,589,16.813926696777344,,,20.672713333033087,0.7775088016308864,19.21944044357359,22.19983382004732,,,26.16,18.85,0.545996904373169,BEATS
fusion,rung2_tta,bmc,transductive,False,0.0,ce,0.5,mlp,1,Moldova,2,589,17.134119033813477,,,20.525279978617984,0.7911986128258591,19.170621982295035,21.92950953439471,,,26.16,18.85,0.5653663277626038,BEATS
fusion,rung2_tta,bmc,transductive,False,0.0,ce,0.5,mlp,1,Moldova,3,589,17.827688217163086,,,20.450094153253907,0.7846552596443842,19.070140729892323,21.892146019703677,,,26.16,18.85,0.5528581738471985,BEATS
fusion,rung2_tta,bmc,transductive,False,0.0,ce,0.5,mlp,1,Moldova,4,589,17.3907470703125,,,20.243493658832175,0.7960971921800474,18.73927675095052,21.752265736645953,,,26.16,18.85,0.58884596824646,BEATS
fusion,rung2_tta,bmc,transductive,False,0.0,ce,0.5,mlp,1,Kazakhstan,0,399,12.130401611328125,,,19.319226145156936,0.7582894679441128,17.92259321692993,20.8436915246759,,,21.9,19.62,0.5771103501319885,BEATS
fusion,rung2_tta,bmc,transductive,False,0.0,ce,0.5,mlp,1,Kazakhstan,1,399,12.331912994384766,,,18.341621022388743,0.7808470259764556,16.98417255062208,19.81910683638387,,,21.9,19.62,0.5406512022018433,BEATS
fusion,rung2_tta,bmc,transductive,False,0.0,ce,0.5,mlp,1,Kazakhstan,2,399,13.019172668457031,,,19.136217984295726,0.7522484289421573,17.59398780698503,20.767171519302707,,,21.9,19.62,0.5351744890213013,BEATS
fusion,rung2_tta,bmc,transductive,False,0.0,ce,0.5,mlp,1,Kazakhstan,3,399,12.840699195861816,,,19.987792312412434,0.7401433180883841,18.427229424193705,21.665221599279224,,,21.9,19.62,0.5405147075653076,BEATS
fusion,rung2_tta,bmc,transductive,False,0.0,ce,0.5,mlp,1,Kazakhstan,4,399,13.134892463684082,,,19.58631588660576,0.7540046592459981,18.133431445967844,21.227364478528074,,,21.9,19.62,0.516109824180603,BEATS
fusion,rung3_retrieval,bmc,none,True,0.4,ce,0.5,mlp,1,Romania,0,220,12.4668550491333,,,19.59878477920185,0.6560543167702474,17.462683939641174,21.718350771026184,,,20.26,18.7,0.5340337157249451,within-noise
fusion,rung3_retrieval,bmc,none,True,0.2,ce,0.5,mlp,1,Romania,1,220,12.2417631149292,,,20.07580706016584,0.6497521332917974,18.264497926201333,21.92759974449873,,,20.26,18.7,0.529326856136322,within-noise
fusion,rung3_retrieval,bmc,none,True,0.4,ce,0.5,mlp,1,Romania,2,220,13.242341041564941,,,19.548690968210046,0.677263734393259,17.578775971884077,21.63986202172258,,,20.26,18.7,0.5664180517196655,within-noise
fusion,rung3_retrieval,bmc,none,True,0.25,ce,0.5,mlp,1,Romania,3,220,13.550379753112793,,,19.747716038010342,0.6718314032181147,17.89254303924875,21.805380002392965,,,20.26,18.7,0.5793893933296204,within-noise
fusion,rung3_retrieval,bmc,none,True,0.35,ce,0.5,mlp,1,Romania,4,220,12.540578842163086,,,20.015801822488957,0.6482439491283197,18.057691657998344,22.074295682386918,,,20.26,18.7,0.5446211695671082,within-noise
fusion,rung3_retrieval,bmc,none,True,0.35,ce,0.5,mlp,1,Moldova,0,589,21.991289138793945,,,21.430208728680032,0.8238206029382298,19.80354463459984,23.084868248259408,,,26.16,18.85,0.5669577717781067,BEATS
fusion,rung3_retrieval,bmc,none,True,0.3,ce,0.5,mlp,1,Moldova,1,589,20.746715545654297,,,21.190388287463445,0.7966005867723757,19.674961655746184,22.77929610752948,,,26.16,18.85,0.545996904373169,BEATS
fusion,rung3_retrieval,bmc,none,True,0.35,ce,0.5,mlp,1,Moldova,2,589,21.050640106201172,,,21.46180814646298,0.7886425268945704,19.98148757797576,22.936527229394443,,,26.16,18.85,0.5653663277626038,BEATS
fusion,rung3_retrieval,bmc,none,True,0.25,ce,0.5,mlp,1,Moldova,3,589,21.80964469909668,,,22.303410707770865,0.7817886432399662,20.73121050620929,23.935247116775482,,,26.16,18.85,0.5528581738471985,BEATS
fusion,rung3_retrieval,bmc,none,True,0.4,ce,0.5,mlp,1,Moldova,4,589,20.928115844726562,,,20.83094272351427,0.8169708932798445,19.23282796854884,22.4283466045857,,,26.16,18.85,0.58884596824646,BEATS
fusion,rung3_retrieval,bmc,none,True,0.2,ce,0.5,mlp,1,Kazakhstan,0,399,10.75368595123291,,,17.305611217709114,0.7945842805361986,15.830449048116392,18.761455397172682,,,21.9,19.62,0.5771103501319885,BEATS
fusion,rung3_retrieval,bmc,none,True,0.3,ce,0.5,mlp,1,Kazakhstan,1,399,10.797048568725586,,,16.477559220726675,0.8027796053131896,14.927555865675071,17.942334211079437,,,21.9,19.62,0.5406512022018433,BEATS
fusion,rung3_retrieval,bmc,none,True,0.25,ce,0.5,mlp,1,Kazakhstan,2,399,10.563875198364258,,,17.447542877210545,0.7876961834027022,16.083668445223207,18.900525087294373,,,21.9,19.62,0.5351744890213013,BEATS
fusion,rung3_retrieval,bmc,none,True,0.15,ce,0.5,mlp,1,Kazakhstan,3,399,10.37714672088623,,,17.89106829288908,0.7645661631235423,16.362554249205534,19.44192491413433,,,21.9,19.62,0.5405147075653076,BEATS
fusion,rung3_retrieval,bmc,none,True,0.2,ce,0.5,mlp,1,Kazakhstan,4,399,10.674437522888184,,,17.813158370229537,0.7886687933375084,16.50288815340676,19.18503242037649,,,21.9,19.62,0.516109824180603,BEATS
fusion,rung5_moe,bmc,none,False,0.0,ce,0.5,moe,1,Romania,0,220,12.4668550491333,,,19.872795796177602,0.6481968721734863,17.58016639945453,22.087656810305337,,,20.26,18.7,0.5340337157249451,within-noise
fusion,rung5_moe,bmc,none,False,0.0,ce,0.5,moe,1,Romania,1,220,12.2417631149292,,,20.40019545972347,0.6417661701991653,18.462459468780597,22.384818524832077,,,20.26,18.7,0.529326856136322,within-noise
fusion,rung5_moe,bmc,none,False,0.0,ce,0.5,moe,1,Romania,2,220,13.242341041564941,,,20.532916760296477,0.6472458689150671,18.554441447832666,22.54909355407041,,,20.26,18.7,0.5664180517196655,within-noise
fusion,rung5_moe,bmc,none,False,0.0,ce,0.5,moe,1,Romania,3,220,13.550379753112793,,,20.766630748076874,0.6565069123537883,18.719242652654646,23.040290945267138,,,20.26,18.7,0.5793893933296204,within-noise
fusion,rung5_moe,bmc,none,False,0.0,ce,0.5,moe,1,Romania,4,220,12.540578842163086,,,20.279677485769447,0.6404462204776893,18.27206558682702,22.38108887017315,,,20.26,18.7,0.5446211695671082,within-noise
fusion,rung5_moe,bmc,none,False,0.0,ce,0.5,moe,1,Moldova,0,589,21.991289138793945,,,21.949013893409983,0.8200899445486357,20.350568010281957,23.550719339379153,,,26.16,18.85,0.5669577717781067,BEATS
fusion,rung5_moe,bmc,none,False,0.0,ce,0.5,moe,1,Moldova,1,589,20.746715545654297,,,23.78585428997292,0.7847481397835665,22.08657796343867,25.504440436174992,,,26.16,18.85,0.545996904373169,BEATS
fusion,rung5_moe,bmc,none,False,0.0,ce,0.5,moe,1,Moldova,2,589,21.050640106201172,,,22.264513258491792,0.7779319782900949,20.788261717408265,23.737436243146657,,,26.16,18.85,0.5653663277626038,BEATS
fusion,rung5_moe,bmc,none,False,0.0,ce,0.5,moe,1,Moldova,3,589,21.80964469909668,,,21.959657596581707,0.7848627016384937,20.42103216017965,23.580331197351924,,,26.16,18.85,0.5528581738471985,BEATS
fusion,rung5_moe,bmc,none,False,0.0,ce,0.5,moe,1,Moldova,4,589,20.928115844726562,,,21.20278460173939,0.8042920703550438,19.63401049542837,22.76875621010067,,,26.16,18.85,0.58884596824646,BEATS
fusion,rung5_moe,bmc,none,False,0.0,ce,0.5,moe,1,Kazakhstan,0,399,10.75368595123291,,,17.249820172920927,0.7710782243484483,15.536831332184695,18.882566616285313,,,21.9,19.62,0.5771103501319885,BEATS
fusion,rung5_moe,bmc,none,False,0.0,ce,0.5,moe,1,Kazakhstan,1,399,10.797048568725586,,,16.147253031741926,0.7891161686603518,14.554828233720604,17.689464296594867,,,21.9,19.62,0.5406512022018433,BEATS
fusion,rung5_moe,bmc,none,False,0.0,ce,0.5,moe,1,Kazakhstan,2,399,10.563875198364258,,,17.330493169779302,0.7770777978802175,15.817012723846485,18.811063799223092,,,21.9,19.62,0.5351744890213013,BEATS
fusion,rung5_moe,bmc,none,False,0.0,ce,0.5,moe,1,Kazakhstan,3,399,10.37714672088623,,,18.060830422496437,0.751425481338479,16.456189382299222,19.733211322407374,,,21.9,19.62,0.5405147075653076,BEATS
fusion,rung5_moe,bmc,none,False,0.0,ce,0.5,moe,1,Kazakhstan,4,399,10.674437522888184,,,18.430700177223162,0.7482484647605373,16.718660494810656,20.188068569599462,,,21.9,19.62,0.516109824180603,BEATS
fusion,rung6_conformal,bmc,none,False,0.0,ce,0.5,mlp,10,Romania,0,220,12.884854316711426,,,19.74952360575849,0.6570167950433868,17.551125522407617,21.85885852287032,0.8954545454545455,89.19760398864747,20.26,18.7,0.5340337157249451,within-noise
fusion,rung6_conformal,bmc,none,False,0.0,ce,0.5,mlp,10,Romania,1,220,12.287725448608398,,,20.18156628879634,0.6472858543989122,18.291860676719384,22.07906631335616,0.9045454545454545,82.5343189239502,20.26,18.7,0.529326856136322,within-noise
fusion,rung6_conformal,bmc,none,False,0.0,ce,0.5,mlp,10,Romania,2,220,12.419652938842773,,,20.07822814096104,0.6559217642363606,18.204808191927995,22.162230903939765,0.8909090909090909,82.60143661499023,20.26,18.7,0.5664180517196655,within-noise
fusion,rung6_conformal,bmc,none,False,0.0,ce,0.5,mlp,10,Romania,3,220,12.291836738586426,,,19.12084178165956,0.6885817895356516,17.246372218115766,21.08314942142638,0.8954545454545455,80.94386301040649,20.26,18.7,0.5793893933296204,within-noise
fusion,rung6_conformal,bmc,none,False,0.0,ce,0.5,mlp,10,Romania,4,220,13.198461532592773,,,20.246346240097832,0.6480027143055733,18.25522492781146,22.32986223838004,0.9,84.30435028076172,20.26,18.7,0.5446211695671082,within-noise
fusion,rung6_conformal,bmc,none,False,0.0,ce,0.5,mlp,10,Moldova,0,589,22.439348220825195,,,23.65770319124244,0.8154082180989126,21.88086887359107,25.40290036065964,0.8030560271646859,85.23889389038087,26.16,18.85,0.5669577717781067,BEATS
fusion,rung6_conformal,bmc,none,False,0.0,ce,0.5,mlp,10,Moldova,1,589,20.49435043334961,,,21.75740039547959,0.7973145256335887,20.139209997935286,23.447851997124623,0.8285229202037352,82.75251159667968,26.16,18.85,0.545996904373169,BEATS
fusion,rung6_conformal,bmc,none,False,0.0,ce,0.5,mlp,10,Moldova,2,589,21.615081787109375,,,22.0397614098592,0.7841681521217819,20.53923688525615,23.490921573349556,0.8573853989813243,84.49335021972658,26.16,18.85,0.5653663277626038,BEATS
fusion,rung6_conformal,bmc,none,False,0.0,ce,0.5,mlp,10,Moldova,3,589,20.830108642578125,,,21.570606215422142,0.7943229105449663,19.97314660101117,23.188281848830613,0.8471986417657046,85.37991142272949,26.16,18.85,0.5528581738471985,BEATS
fusion,rung6_conformal,bmc,none,False,0.0,ce,0.5,mlp,10,Moldova,4,589,20.442319869995117,,,22.694219933677914,0.8109102752058912,20.971498855817842,24.34390951482051,0.8081494057724957,80.52386474609375,26.16,18.85,0.58884596824646,BEATS
fusion,rung6_conformal,bmc,none,False,0.0,ce,0.5,mlp,10,Kazakhstan,0,399,10.338417053222656,,,17.16355510755888,0.7898946157454471,15.620878834913398,18.643216863733183,0.899749373433584,81.06869812011719,21.9,19.62,0.5771103501319885,BEATS
fusion,rung6_conformal,bmc,none,False,0.0,ce,0.5,mlp,10,Kazakhstan,1,399,10.593732833862305,,,16.341596283223993,0.7992484598528893,14.776617827959976,17.867947922374743,0.9273182957393483,82.52484359741212,21.9,19.62,0.5406512022018433,BEATS
fusion,rung6_conformal,bmc,none,False,0.0,ce,0.5,mlp,10,Kazakhstan,2,399,10.462932586669922,,,16.961848247140868,0.7841704065254961,15.470799972035529,18.452446909823962,0.9047619047619048,83.00461235046387,21.9,19.62,0.5351744890213013,BEATS
fusion,rung6_conformal,bmc,none,False,0.0,ce,0.5,mlp,10,Kazakhstan,3,399,10.432661056518555,,,17.993934024097328,0.7625325862971322,16.46183204433897,19.551118010756813,0.9022556390977443,83.14764556884765,21.9,19.62,0.5405147075653076,BEATS
fusion,rung6_conformal,bmc,none,False,0.0,ce,0.5,mlp,10,Kazakhstan,4,399,10.445960998535156,,,17.663160717875737,0.7776936718400997,16.26504162797541,19.134108321626382,0.9323308270676691,84.84075736999512,21.9,19.62,0.516109824180603,BEATS
fusion,rung7_calibrate_lin,bmc,none,False,0.0,ce,0.5,mlp,1,Romania,0,220,12.788670539855957,,,19.65051425933838,0.6548202740278641,17.61430710963228,21.58940619283372,,,20.26,18.7,0.5340337157249451,within-noise
fusion,rung7_calibrate_lin,bmc,none,False,0.0,ce,0.5,mlp,1,Romania,1,220,12.607146263122559,,,20.333868433778942,0.6359838416282584,18.373110601858663,22.284306729880246,,,20.26,18.7,0.529326856136322,within-noise
fusion,rung7_calibrate_lin,bmc,none,False,0.0,ce,0.5,mlp,1,Romania,2,220,12.842926979064941,,,19.83386366193945,0.6600347963350732,17.992183857440946,21.793186825437978,,,20.26,18.7,0.5664180517196655,within-noise
fusion,rung7_calibrate_lin,bmc,none,False,0.0,ce,0.5,mlp,1,Romania,3,220,13.752931594848633,,,20.135463600158694,0.6621730816285674,18.24454108231718,22.183048091671683,,,20.26,18.7,0.5793893933296204,within-noise
fusion,rung7_calibrate_lin,bmc,none,False,0.0,ce,0.5,mlp,1,Romania,4,220,12.822101593017578,,,20.137046258666295,0.6410649831939015,18.245736730933192,22.10982266627658,,,20.26,18.7,0.5446211695671082,within-noise
fusion,rung7_calibrate_lin,bmc,none,False,0.0,ce,0.5,mlp,1,Moldova,0,589,21.4459171295166,,,22.617287436648823,0.8144049678546427,20.93630937930886,24.292359845980318,,,26.16,18.85,0.5669577717781067,BEATS
fusion,rung7_calibrate_lin,bmc,none,False,0.0,ce,0.5,mlp,1,Moldova,1,589,20.520801544189453,,,22.2088216533078,0.787021596946578,20.675202559918823,23.847042655008757,,,26.16,18.85,0.545996904373169,BEATS
fusion,rung7_calibrate_lin,bmc,none,False,0.0,ce,0.5,mlp,1,Moldova,2,589,21.053264617919922,,,22.396212960544386,0.7706995821277947,20.882043064509872,23.886596676304503,,,26.16,18.85,0.5653663277626038,BEATS
fusion,rung7_calibrate_lin,bmc,none,False,0.0,ce,0.5,mlp,1,Moldova,3,589,20.601346969604492,,,22.0697737849629,0.7669979210209635,20.564392908482684,23.589871131339585,,,26.16,18.85,0.5528581738471985,BEATS
fusion,rung7_calibrate_lin,bmc,none,False,0.0,ce,0.5,mlp,1,Moldova,4,589,21.604894638061523,,,23.071357621604193,0.8084060007001624,21.31034135638352,24.83453644197845,,,26.16,18.85,0.58884596824646,BEATS
fusion,rung7_calibrate_lin,bmc,none,False,0.0,ce,0.5,mlp,1,Kazakhstan,0,399,10.678781509399414,,,17.867076140716858,0.7812499690769749,16.37566221284986,19.30395916222331,,,21.9,19.62,0.5771103501319885,BEATS
fusion,rung7_calibrate_lin,bmc,none,False,0.0,ce,0.5,mlp,1,Kazakhstan,1,399,10.476134300231934,,,16.84544843527906,0.7956290934745609,15.4025527586196,18.327964589500187,,,21.9,19.62,0.5406512022018433,BEATS
fusion,rung7_calibrate_lin,bmc,none,False,0.0,ce,0.5,mlp,1,Kazakhstan,2,399,10.59566879272461,,,17.814899677023256,0.7786516875234537,16.31509669238762,19.301843273612793,,,21.9,19.62,0.5351744890213013,BEATS
fusion,rung7_calibrate_lin,bmc,none,False,0.0,ce,0.5,mlp,1,Kazakhstan,3,399,10.478398323059082,,,18.459721743791622,0.7509233906297443,16.917859398556832,20.015100940271726,,,21.9,19.62,0.5405147075653076,BEATS
fusion,rung7_calibrate_lin,bmc,none,False,0.0,ce,0.5,mlp,1,Kazakhstan,4,399,10.715290069580078,,,18.62887622927663,0.7729675672055317,17.175749345403865,20.06737576823187,,,21.9,19.62,0.516109824180603,BEATS
fusion,rung7_calibrate_iso,bmc,none,False,0.0,ce,0.5,mlp,1,Romania,0,220,12.740010261535645,,,19.70038100123406,0.6552874350496275,17.701955098173833,21.617733877653425,,,20.26,18.7,0.5340337157249451,within-noise
fusion,rung7_calibrate_iso,bmc,none,False,0.0,ce,0.5,mlp,1,Romania,1,220,12.440522193908691,,,20.242380567030473,0.6382130809476043,18.298674080285156,22.2066352518255,,,20.26,18.7,0.529326856136322,within-noise
fusion,rung7_calibrate_iso,bmc,none,False,0.0,ce,0.5,mlp,1,Romania,2,220,12.772689819335938,,,19.811364993182096,0.6628845632246472,18.02690379108082,21.769338016076524,,,20.26,18.7,0.5664180517196655,within-noise
fusion,rung7_calibrate_iso,bmc,none,False,0.0,ce,0.5,mlp,1,Romania,3,220,13.609435081481934,,,19.676228457580915,0.6745580325878107,17.872740036395463,21.540626170239666,,,20.26,18.7,0.5793893933296204,within-noise
fusion,rung7_calibrate_iso,bmc,none,False,0.0,ce,0.5,mlp,1,Romania,4,220,12.794957160949707,,,20.20942266648466,0.6437889884693196,18.321280111033804,22.09021122947064,,,20.26,18.7,0.5446211695671082,within-noise
fusion,rung7_calibrate_iso,bmc,none,False,0.0,ce,0.5,mlp,1,Moldova,0,589,21.427448272705078,,,22.974904737569684,0.8141901798131072,21.276233176610262,24.623775844590167,,,26.16,18.85,0.5669577717781067,BEATS
fusion,rung7_calibrate_iso,bmc,none,False,0.0,ce,0.5,mlp,1,Moldova,1,589,20.6621150970459,,,22.49946753764193,0.776516570613037,20.934185412197245,24.147395088808242,,,26.16,18.85,0.545996904373169,BEATS
fusion,rung7_calibrate_iso,bmc,none,False,0.0,ce,0.5,mlp,1,Moldova,2,589,21.292564392089844,,,22.4405127564189,0.7739537664210314,20.823378625735767,24.007004362367006,,,26.16,18.85,0.5653663277626038,BEATS
fusion,rung7_calibrate_iso,bmc,none,False,0.0,ce,0.5,mlp,1,Moldova,3,589,20.70122528076172,,,22.014303922248413,0.7750104175102519,20.523365005665603,23.605612224219,,,26.16,18.85,0.5528581738471985,BEATS
fusion,rung7_calibrate_iso,bmc,none,False,0.0,ce,0.5,mlp,1,Moldova,4,589,21.6796932220459,,,23.003960347742296,0.8020486539057039,21.25377994285729,24.784265779118183,,,26.16,18.85,0.58884596824646,BEATS
fusion,rung7_calibrate_iso,bmc,none,False,0.0,ce,0.5,mlp,1,Kazakhstan,0,399,10.719887733459473,,,18.372742184421472,0.7830128247143746,16.901885347587424,19.80220195235017,,,21.9,19.62,0.5771103501319885,BEATS
fusion,rung7_calibrate_iso,bmc,none,False,0.0,ce,0.5,mlp,1,Kazakhstan,1,399,10.524399757385254,,,16.885044765830937,0.7945001278977063,15.431775665752273,18.37276453327117,,,21.9,19.62,0.5406512022018433,BEATS
fusion,rung7_calibrate_iso,bmc,none,False,0.0,ce,0.5,mlp,1,Kazakhstan,2,399,10.668707847595215,,,17.882571726634087,0.7790270216494437,16.426883865759187,19.33733371795568,,,21.9,19.62,0.5351744890213013,BEATS
fusion,rung7_calibrate_iso,bmc,none,False,0.0,ce,0.5,mlp,1,Kazakhstan,3,399,10.470466613769531,,,18.52126534056843,0.7485388485248394,16.985247605717866,20.082593435595804,,,21.9,19.62,0.5405147075653076,BEATS
fusion,rung7_calibrate_iso,bmc,none,False,0.0,ce,0.5,mlp,1,Kazakhstan,4,399,10.663127899169922,,,18.77763457913745,0.7711233696483841,17.337807727756356,20.202083576248405,,,21.9,19.62,0.516109824180603,BEATS
fusion,agentic_best,bmc,none,True,0.2,ce,0.5,mlp,10,Romania,0,220,12.884854316711426,,,19.679996553659443,0.6586446512884324,17.555138967614283,21.766855599652633,0.9,88.76088829040526,20.26,18.7,0.5340337157249451,within-noise
fusion,agentic_best,bmc,none,True,0.15,ce,0.5,mlp,10,Romania,1,220,12.287725448608398,,,20.08792826966806,0.6500976143870887,18.234927297925406,21.912789019711994,0.9136363636363637,82.39570808410645,20.26,18.7,0.529326856136322,within-noise
fusion,agentic_best,bmc,none,True,0.15,ce,0.5,mlp,10,Romania,2,220,12.419652938842773,,,19.94120187380097,0.6578025311117853,18.10962649251927,21.96268553806977,0.8863636363636364,80.99800872802734,20.26,18.7,0.5664180517196655,within-noise
fusion,agentic_best,bmc,none,True,0.1,ce,0.5,mlp,10,Romania,3,220,12.291836738586426,,,19.090295470736244,0.6888800529228203,17.249108923893083,21.021142966698516,0.8954545454545455,80.57653570175171,20.26,18.7,0.5793893933296204,within-noise
fusion,agentic_best,bmc,none,True,0.2,ce,0.5,mlp,10,Romania,4,220,13.198461532592773,,,19.997843845974312,0.6534811167746004,18.08697866328196,21.963137514016847,0.8863636363636364,80.70935211181643,20.26,18.7,0.5446211695671082,within-noise
fusion,agentic_best,bmc,none,True,0.25,ce,0.5,mlp,10,Moldova,0,589,22.439348220825195,,,22.538628761789717,0.8213634013187819,20.84483937552899,24.225211686397998,0.8098471986417657,83.30549545288085,26.16,18.85,0.5669577717781067,BEATS
fusion,agentic_best,bmc,none,True,0.15,ce,0.5,mlp,10,Moldova,1,589,20.49435043334961,,,21.541042243280717,0.8012709006113355,19.94807924460626,23.20176873091728,0.8387096774193549,83.86923370361328,26.16,18.85,0.545996904373169,BEATS
fusion,agentic_best,bmc,none,True,0.25,ce,0.5,mlp,10,Moldova,2,589,21.615081787109375,,,21.795179742766965,0.7941475447461711,20.26649570900232,23.31804820991281,0.8471986417657046,82.26042480468752,26.16,18.85,0.5653663277626038,BEATS
fusion,agentic_best,bmc,none,True,0.1,ce,0.5,mlp,10,Moldova,3,589,20.830108642578125,,,21.44144254087997,0.7963866089110504,19.839000204482538,23.04585560436261,0.8471986417657046,85.53032684326172,26.16,18.85,0.5528581738471985,BEATS
fusion,agentic_best,bmc,none,True,0.2,ce,0.5,mlp,10,Moldova,4,589,20.442319869995117,,,22.212454618511057,0.8151247760817559,20.53048604116021,23.87076606339201,0.7928692699490663,79.31698646545411,26.16,18.85,0.58884596824646,BEATS
fusion,agentic_best,bmc,none,True,0.15,ce,0.5,mlp,10,Kazakhstan,0,399,10.338417053222656,,,17.14371716773002,0.7950763493184083,15.657772457115632,18.59184251668758,0.9047619047619048,79.92729911804199,21.9,19.62,0.5771103501319885,BEATS
fusion,agentic_best,bmc,none,True,0.25,ce,0.5,mlp,10,Kazakhstan,1,399,10.593732833862305,,,16.42103698389572,0.804653828588654,14.879986842259727,17.875014221772812,0.9197994987468672,79.82442932128907,21.9,19.62,0.5406512022018433,BEATS
fusion,agentic_best,bmc,none,True,0.2,ce,0.5,mlp,10,Kazakhstan,2,399,10.462932586669922,,,17.048543272341103,0.7862426880108585,15.624845447904036,18.49395537975587,0.9047619047619048,81.60030746459961,21.9,19.62,0.5351744890213013,BEATS
fusion,agentic_best,bmc,none,True,0.1,ce,0.5,mlp,10,Kazakhstan,3,399,10.432661056518555,,,17.96996388504081,0.7641700934814045,16.457731374124986,19.511349836478853,0.9072681704260651,83.24538879394532,21.9,19.62,0.5405147075653076,BEATS
fusion,agentic_best,bmc,none,True,0.15,ce,0.5,mlp,10,Kazakhstan,4,399,10.445960998535156,,,17.793077421502066,0.7837880195460719,16.44206611259726,19.165029827201728,0.9373433583959899,84.16396827697753,21.9,19.62,0.516109824180603,BEATS
fusion,agentic_v2_lin,bmc,none,True,0.2,ce,0.5,mlp,10,Romania,0,220,12.662664413452148,,,19.638393770131195,0.6532131887405416,17.68744343285669,21.53649984330481,0.9136363636363637,84.72746658325195,20.26,18.7,0.5340337157249451,within-noise
fusion,agentic_v2_lin,bmc,none,True,0.15,ce,0.5,mlp,10,Romania,1,220,12.589288711547852,,,20.279721600359135,0.6471895679072733,18.495489902767268,22.04187589772723,0.9090909090909091,81.32691192626953,20.26,18.7,0.529326856136322,within-noise
fusion,agentic_v2_lin,bmc,none,True,0.15,ce,0.5,mlp,10,Romania,2,220,12.5548734664917,,,20.028334310921757,0.6542589751788336,18.248317558792504,21.96307588533922,0.9,78.82028579711914,20.26,18.7,0.5664180517196655,within-noise
fusion,agentic_v2_lin,bmc,none,True,0.1,ce,0.5,mlp,10,Romania,3,220,12.555916786193848,,,19.16243854305961,0.6861575182477515,17.375183165420186,21.017629798444833,0.9,79.59441299438478,20.26,18.7,0.5793893933296204,within-noise
fusion,agentic_v2_lin,bmc,none,True,0.2,ce,0.5,mlp,10,Romania,4,220,12.981383323669434,,,20.056251813931897,0.646769282637846,18.212077705784274,22.005989312432035,0.8818181818181818,80.61751670837401,20.26,18.7,0.5446211695671082,within-noise
fusion,agentic_v2_lin,bmc,none,True,0.25,ce,0.5,mlp,10,Moldova,0,589,21.93609046936035,,,22.94273569498888,0.8200283217192251,21.213097877826268,24.667916392413787,0.7945670628183361,82.60703125,26.16,18.85,0.5669577717781067,BEATS
fusion,agentic_v2_lin,bmc,none,True,0.15,ce,0.5,mlp,10,Moldova,1,589,19.996198654174805,,,21.898583688234027,0.7928073917741608,20.3646170790157,23.490240817062926,0.8234295415959253,81.18623542785645,26.16,18.85,0.545996904373169,BEATS
fusion,agentic_v2_lin,bmc,none,True,0.25,ce,0.5,mlp,10,Moldova,2,589,21.12071990966797,,,22.087660008415906,0.7914555263181067,20.545989535872927,23.64125550263604,0.831918505942275,81.64399185180665,26.16,18.85,0.5653663277626038,BEATS
fusion,agentic_v2_lin,bmc,none,True,0.1,ce,0.5,mlp,10,Moldova,3,589,20.247072219848633,,,21.605114451571918,0.786584363662349,20.109810489855317,23.109295768183237,0.8455008488964346,83.95301361083985,26.16,18.85,0.5528581738471985,BEATS
fusion,agentic_v2_lin,bmc,none,True,0.2,ce,0.5,mlp,10,Moldova,4,589,21.376665115356445,,,22.69352057801847,0.815356665368794,20.9936456835695,24.40515167545584,0.7707979626485568,76.24106292724609,26.16,18.85,0.58884596824646,BEATS
fusion,agentic_v2_lin,bmc,none,True,0.15,ce,0.5,mlp,10,Kazakhstan,0,399,10.366799354553223,,,17.751187073557002,0.7921821606774219,16.33718656495699,19.140655204302686,0.8922305764411027,76.4499626159668,21.9,19.62,0.5771103501319885,BEATS
fusion,agentic_v2_lin,bmc,none,True,0.25,ce,0.5,mlp,10,Kazakhstan,1,399,10.527795791625977,,,16.606624260522366,0.8003640468319227,15.114949271571367,18.015837353348434,0.9197994987468672,80.86506118774415,21.9,19.62,0.5406512022018433,BEATS
fusion,agentic_v2_lin,bmc,none,True,0.2,ce,0.5,mlp,10,Kazakhstan,2,399,10.580900192260742,,,17.634457649383922,0.7842769215561205,16.22391236326748,19.098073807055492,0.899749373433584,79.33663520812988,21.9,19.62,0.5351744890213013,BEATS
fusion,agentic_v2_lin,bmc,none,True,0.1,ce,0.5,mlp,10,Kazakhstan,3,399,10.450531959533691,,,18.369151254465105,0.7520025291088924,16.829797042275132,19.908197859371814,0.8922305764411027,81.30151443481444,21.9,19.62,0.5405147075653076,BEATS
fusion,agentic_v2_lin,bmc,none,True,0.15,ce,0.5,mlp,10,Kazakhstan,4,399,10.587522506713867,,,18.57354037146222,0.7739822963759998,17.14512109281425,19.985204978963186,0.9273182957393483,82.0788459777832,21.9,19.62,0.516109824180603,BEATS
fusion,agentic_v2_iso,bmc,none,True,0.2,ce,0.5,mlp,10,Romania,0,220,12.647323608398438,,,19.624708395871245,0.657761242034923,17.69370722577789,21.553892710859124,0.8954545454545455,82.8543628692627,20.26,18.7,0.5340337157249451,within-noise
fusion,agentic_v2_iso,bmc,none,True,0.15,ce,0.5,mlp,10,Romania,1,220,12.525283813476562,,,20.127536059509623,0.6519288680767292,18.33361223971302,21.919280243651432,0.9,78.65713882446289,20.26,18.7,0.529326856136322,within-noise
fusion,agentic_v2_iso,bmc,none,True,0.15,ce,0.5,mlp,10,Romania,2,220,12.449200630187988,,,20.126646260781722,0.6529096858783751,18.323973576209763,22.051796346144243,0.8863636363636364,75.625,20.26,18.7,0.5664180517196655,within-noise
fusion,agentic_v2_iso,bmc,none,True,0.1,ce,0.5,mlp,10,Romania,3,220,12.615523338317871,,,19.19754991596395,0.6876222333291819,17.394991351078854,21.102086277912967,0.8954545454545455,77.94046325683595,20.26,18.7,0.5793893933296204,within-noise
fusion,agentic_v2_iso,bmc,none,True,0.2,ce,0.5,mlp,10,Romania,4,220,12.935749053955078,,,20.088249959078702,0.6459293374298076,18.2380456497019,22.071628623902804,0.8772727272727273,80.8200569152832,20.26,18.7,0.5446211695671082,within-noise
fusion,agentic_v2_iso,bmc,none,True,0.25,ce,0.5,mlp,10,Moldova,0,589,21.901039123535156,,,23.235086138422503,0.8169683317288667,21.490930744642313,25.004747832934598,0.7640067911714771,78.17000007629395,26.16,18.85,0.5669577717781067,BEATS
fusion,agentic_v2_iso,bmc,none,True,0.15,ce,0.5,mlp,10,Moldova,1,589,20.17724609375,,,22.044287716067302,0.7963752040088874,20.386513713964582,23.778220710936548,0.8030560271646859,77.89827880859377,26.16,18.85,0.545996904373169,BEATS
fusion,agentic_v2_iso,bmc,none,True,0.25,ce,0.5,mlp,10,Moldova,2,589,21.32575798034668,,,22.18435296473965,0.7903096049133722,20.6222368368471,23.695779079036924,0.8200339558573854,78.43866043090821,26.16,18.85,0.5653663277626038,BEATS
fusion,agentic_v2_iso,bmc,none,True,0.1,ce,0.5,mlp,10,Moldova,3,589,20.38825798034668,,,21.583534029019912,0.7855400021423573,20.073714245867443,23.116650649689653,0.8438030560271647,82.71258659362793,26.16,18.85,0.5528581738471985,BEATS
fusion,agentic_v2_iso,bmc,none,True,0.2,ce,0.5,mlp,10,Moldova,4,589,21.467859268188477,,,22.53963800699075,0.8116091128781792,20.82942153700948,24.262923299323116,0.7809847198641766,75.73538169860839,26.16,18.85,0.58884596824646,BEATS
fusion,agentic_v2_iso,bmc,none,True,0.15,ce,0.5,mlp,10,Kazakhstan,0,399,10.2861967086792,,,18.059109810002166,0.7894899724454515,16.609005750809096,19.451683366044723,0.8947368421052632,75.2534351348877,21.9,19.62,0.5771103501319885,BEATS
fusion,agentic_v2_iso,bmc,none,True,0.25,ce,0.5,mlp,10,Kazakhstan,1,399,10.673148155212402,,,16.89126451296316,0.8014400939164535,15.406299734641436,18.30883573050487,0.9097744360902256,77.42381286621094,21.9,19.62,0.5406512022018433,BEATS
fusion,agentic_v2_iso,bmc,none,True,0.2,ce,0.5,mlp,10,Kazakhstan,2,399,10.656197547912598,,,17.866624876132285,0.7836485448342332,16.407075984967978,19.316909151507495,0.8872180451127819,76.12490539550782,21.9,19.62,0.5351744890213013,BEATS
fusion,agentic_v2_iso,bmc,none,True,0.1,ce,0.5,mlp,10,Kazakhstan,3,399,10.35435676574707,,,18.535999548106563,0.7508669029389388,17.03319533900808,20.06822768078711,0.8822055137844611,80.41141891479492,21.9,19.62,0.5405147075653076,BEATS
fusion,agentic_v2_iso,bmc,none,True,0.15,ce,0.5,mlp,10,Kazakhstan,4,399,10.619450569152832,,,18.640364394152076,0.7748875479485346,17.22908242418055,20.057513473476085,0.9223057644110275,81.03586864471436,21.9,19.62,0.516109824180603,BEATS
fusion,agentic_best_tta,bmc,transductive,True,0.25,ce,0.5,mlp,10,Romania,0,220,12.192312240600586,,,19.85529878456484,0.6877896370236029,17.860367478808215,21.930535591924727,0.9181818181818182,85.59690551757814,20.26,18.7,0.5340337157249451,within-noise
fusion,agentic_best_tta,bmc,transductive,True,0.25,ce,0.5,mlp,10,Romania,1,220,12.308979988098145,,,20.482305990640413,0.6763724272142154,18.550878743343056,22.574246718126265,0.8681818181818182,80.29732971191407,20.26,18.7,0.529326856136322,within-noise
fusion,agentic_best_tta,bmc,transductive,True,0.3,ce,0.5,mlp,10,Romania,2,220,12.694622993469238,,,21.031148157661615,0.6671349499047404,19.065542899316007,23.03609264456142,0.8863636363636364,80.15228576660157,20.26,18.7,0.5664180517196655,within-noise
fusion,agentic_best_tta,bmc,transductive,True,0.25,ce,0.5,mlp,10,Romania,3,220,12.4804105758667,,,19.416813328482885,0.7091536846949764,17.44071291313117,21.504424303458496,0.8863636363636364,81.04254760742188,20.26,18.7,0.5793893933296204,within-noise
fusion,agentic_best_tta,bmc,transductive,True,0.3,ce,0.5,mlp,10,Romania,4,220,12.668694496154785,,,20.324202158234336,0.6794850555572772,18.366160517690535,22.346431331871585,0.8590909090909091,79.44208860397339,20.26,18.7,0.5446211695671082,within-noise
fusion,agentic_best_tta,bmc,transductive,True,0.3,ce,0.5,mlp,10,Moldova,0,589,16.515535354614258,,,19.66585961642006,0.8206718656666475,18.21741788403819,21.174907380675926,0.8777589134125636,83.10916595458984,26.16,18.85,0.5669577717781067,BEATS
fusion,agentic_best_tta,bmc,transductive,True,0.3,ce,0.5,mlp,10,Moldova,1,589,16.785646438598633,,,20.20344532886061,0.7994312463148995,18.83512919003419,21.628932747713883,0.8845500848896435,83.67088584899903,26.16,18.85,0.545996904373169,BEATS
fusion,agentic_best_tta,bmc,transductive,True,0.35,ce,0.5,mlp,10,Moldova,2,589,17.061403274536133,,,20.051451120746965,0.8050938909934365,18.726311611652324,21.458059075489917,0.8913412563667232,81.04002380371094,26.16,18.85,0.5653663277626038,BEATS
fusion,agentic_best_tta,bmc,transductive,True,0.2,ce,0.5,mlp,10,Moldova,3,589,17.421398162841797,,,20.23432498162388,0.7942528707623658,18.83804218595724,21.745725678633047,0.8947368421052632,83.8527042388916,26.16,18.85,0.5528581738471985,BEATS
fusion,agentic_best_tta,bmc,transductive,True,0.3,ce,0.5,mlp,10,Moldova,4,589,16.988941192626953,,,19.746331256051214,0.8152215402302274,18.29321854427381,21.295324219258813,0.8573853989813243,80.05815734863282,26.16,18.85,0.58884596824646,BEATS
fusion,agentic_best_tta,bmc,transductive,True,0.3,ce,0.5,mlp,10,Kazakhstan,0,399,12.347367286682129,,,18.558724172402144,0.7866764091163,17.294129521843036,19.93105116053258,0.9323308270676691,80.9878044128418,21.9,19.62,0.5771103501319885,BEATS
fusion,agentic_best_tta,bmc,transductive,True,0.35,ce,0.5,mlp,10,Kazakhstan,1,399,12.792412757873535,,,18.0652336096181,0.7944914220929221,16.787759763863228,19.42518707424645,0.9147869674185464,79.43793869018555,21.9,19.62,0.5406512022018433,BEATS
fusion,agentic_best_tta,bmc,transductive,True,0.35,ce,0.5,mlp,10,Kazakhstan,2,399,12.60840129852295,,,18.82698341217919,0.7719201836608676,17.454473460579518,20.2913004398458,0.9072681704260651,80.47771835327148,21.9,19.62,0.5351744890213013,BEATS
fusion,agentic_best_tta,bmc,transductive,True,0.25,ce,0.5,mlp,10,Kazakhstan,3,399,12.552206039428711,,,19.52047457329014,0.7502477118595453,18.068243828864027,21.085770888466733,0.8972431077694235,83.48421020507813,21.9,19.62,0.5405147075653076,BEATS
fusion,agentic_best_tta,bmc,transductive,True,0.25,ce,0.5,mlp,10,Kazakhstan,4,399,12.736869812011719,,,19.248378679802393,0.7687172127880257,17.913168410544742,20.707921797709542,0.924812030075188,84.8231071472168,21.9,19.62,0.516109824180603,BEATS
fusion,rung4b_spatial_cavity,bmc,none,False,0.0,ce,0.5,mlp,1,Romania,0,220,12.4668550491333,,,18.92333313486793,0.6973975024475856,16.915959741386498,20.792145947136664,,,20.26,18.7,0.5111178755760193,within-noise
fusion,rung4b_spatial_cavity,bmc,none,False,0.0,ce,0.5,mlp,1,Romania,1,220,12.2417631149292,,,19.3226986888322,0.6837013776788231,17.503934492604298,21.224327168738306,,,20.26,18.7,0.526623010635376,within-noise
fusion,rung4b_spatial_cavity,bmc,none,False,0.0,ce,0.5,mlp,1,Romania,2,220,13.242341041564941,,,19.69599819681861,0.6909168581277474,17.59188966640017,21.866914592038505,,,20.26,18.7,0.5294274091720581,within-noise
fusion,rung4b_spatial_cavity,bmc,none,False,0.0,ce,0.5,mlp,1,Romania,3,220,13.550379753112793,,,19.358396180776708,0.6916888445358567,17.452453430181624,21.464839308858767,,,20.26,18.7,0.5639755725860596,within-noise
fusion,rung4b_spatial_cavity,bmc,none,False,0.0,ce,0.5,mlp,1,Romania,4,220,12.540578842163086,,,19.837672735777765,0.6679838943802745,17.764349625045604,21.969513032084155,,,20.26,18.7,0.5358420014381409,within-noise
fusion,rung4b_spatial_cavity,bmc,none,False,0.0,ce,0.5,mlp,1,Moldova,0,589,21.991289138793945,,,21.91230001153206,0.8252400805643167,20.239881717447187,23.538078709865694,,,26.16,18.85,0.5383865833282471,BEATS
fusion,rung4b_spatial_cavity,bmc,none,False,0.0,ce,0.5,mlp,1,Moldova,1,589,20.746715545654297,,,20.86879449711641,0.8129375998466064,19.27037511586213,22.384449605705605,,,26.16,18.85,0.5355197191238403,BEATS
fusion,rung4b_spatial_cavity,bmc,none,False,0.0,ce,0.5,mlp,1,Moldova,2,589,21.050640106201172,,,21.06161443065909,0.7959540395598207,19.571018868702225,22.45949611813589,,,26.16,18.85,0.5402711033821106,BEATS
fusion,rung4b_spatial_cavity,bmc,none,False,0.0,ce,0.5,mlp,1,Moldova,3,589,21.80964469909668,,,22.384024245477896,0.7979988120263933,20.821182030121623,24.03714669974429,,,26.16,18.85,0.5102846622467041,BEATS
fusion,rung4b_spatial_cavity,bmc,none,False,0.0,ce,0.5,mlp,1,Moldova,4,589,20.928115844726562,,,20.97803576775401,0.8085047520729843,19.40148128829422,22.570867884530823,,,26.16,18.85,0.5787574648857117,BEATS
fusion,rung4b_spatial_cavity,bmc,none,False,0.0,ce,0.5,mlp,1,Kazakhstan,0,399,10.75368595123291,,,16.97969812834472,0.7954652473360665,15.294004906852145,18.54950812487562,,,21.9,19.62,0.5566298961639404,BEATS
fusion,rung4b_spatial_cavity,bmc,none,False,0.0,ce,0.5,mlp,1,Kazakhstan,1,399,10.797048568725586,,,16.438218455421,0.7962288799117196,14.891370684126564,17.896043845576756,,,21.9,19.62,0.5194891095161438,BEATS
fusion,rung4b_spatial_cavity,bmc,none,False,0.0,ce,0.5,mlp,1,Kazakhstan,2,399,10.563875198364258,,,16.972221774500547,0.7915882075243288,15.56584606942653,18.45000583972004,,,21.9,19.62,0.5125728845596313,BEATS
fusion,rung4b_spatial_cavity,bmc,none,False,0.0,ce,0.5,mlp,1,Kazakhstan,3,399,10.37714672088623,,,16.381976999764454,0.7963709570597383,14.85729522462178,17.89166778234387,,,21.9,19.62,0.5227084159851074,BEATS
fusion,rung4b_spatial_cavity,bmc,none,False,0.0,ce,0.5,mlp,1,Kazakhstan,4,399,10.674437522888184,,,17.16035705072838,0.7903551416104757,15.62064337775223,18.609262526623887,,,21.9,19.62,0.4960155785083771,BEATS
fusion,agentic_best_spatcav,bmc,none,True,0.2,ce,0.5,mlp,10,Romania,0,220,12.884854316711426,,,18.79047670689496,0.6981616875270662,16.84701148867607,20.67258008366281,0.9272727272727272,85.52591094970703,20.26,18.7,0.5111178755760193,within-noise
fusion,agentic_best_spatcav,bmc,none,True,0.15,ce,0.5,mlp,10,Romania,1,220,12.287725448608398,,,19.104995928027414,0.6870153997007067,17.323788400482048,20.97486366493594,0.9090909090909091,82.56623306274415,20.26,18.7,0.526623010635376,within-noise
fusion,agentic_best_spatcav,bmc,none,True,0.15,ce,0.5,mlp,10,Romania,2,220,12.419652938842773,,,19.45029446937821,0.6854540282580724,17.527285337933087,21.40820037055557,0.8818181818181818,83.60979080200195,20.26,18.7,0.5294274091720581,within-noise
fusion,agentic_best_spatcav,bmc,none,True,0.1,ce,0.5,mlp,10,Romania,3,220,12.291836738586426,,,18.519736294529654,0.7100637795452895,16.702631472706795,20.394005622603675,0.9136363636363637,79.78488311767578,20.26,18.7,0.5639755725860596,within-noise
fusion,agentic_best_spatcav,bmc,none,True,0.2,ce,0.5,mlp,10,Romania,4,220,13.198461532592773,,,19.740486401861364,0.671247465059139,17.72391285004399,21.833001187698404,0.8909090909090909,80.34742460250854,20.26,18.7,0.5358420014381409,within-noise
fusion,agentic_best_spatcav,bmc,none,True,0.25,ce,0.5,mlp,10,Moldova,0,589,22.439348220825195,,,22.27665498796819,0.8272179435115337,20.540919100865153,23.94845208347723,0.8234295415959253,84.11410369873047,26.16,18.85,0.5383865833282471,BEATS
fusion,agentic_best_spatcav,bmc,none,True,0.15,ce,0.5,mlp,10,Moldova,1,589,20.49435043334961,,,21.061160289067363,0.8189228435043219,19.483522352745126,22.588318059163353,0.8421052631578947,82.70902252197266,26.16,18.85,0.5355197191238403,BEATS
fusion,agentic_best_spatcav,bmc,none,True,0.25,ce,0.5,mlp,10,Moldova,2,589,21.615081787109375,,,21.206087958003145,0.8079616075149835,19.73952798264541,22.67848526044592,0.8590831918505942,82.71453380584717,26.16,18.85,0.5402711033821106,BEATS
fusion,agentic_best_spatcav,bmc,none,True,0.1,ce,0.5,mlp,10,Moldova,3,589,20.830108642578125,,,21.19705351296629,0.8076477094809422,19.733180063460754,22.722232139387334,0.8522920203735145,84.54271011352539,26.16,18.85,0.5102846622467041,BEATS
fusion,agentic_best_spatcav,bmc,none,True,0.2,ce,0.5,mlp,10,Moldova,4,589,20.442319869995117,,,22.2057865862733,0.8123094905117878,20.53081624828949,23.896406515292277,0.7826825127334465,76.75035724639892,26.16,18.85,0.5787574648857117,BEATS
fusion,agentic_best_spatcav,bmc,none,True,0.15,ce,0.5,mlp,10,Kazakhstan,0,399,10.338417053222656,,,16.94144672397384,0.8022081638322535,15.417796944588945,18.40112807561879,0.9147869674185464,79.6601348876953,21.9,19.62,0.5566298961639404,BEATS
fusion,agentic_best_spatcav,bmc,none,True,0.25,ce,0.5,mlp,10,Kazakhstan,1,399,10.593732833862305,,,16.501689195020454,0.8045739352026497,15.060739797766422,17.875286170396592,0.9273182957393483,79.82442932128907,21.9,19.62,0.5194891095161438,BEATS
fusion,agentic_best_spatcav,bmc,none,True,0.2,ce,0.5,mlp,10,Kazakhstan,2,399,10.462932586669922,,,16.67952531854013,0.7970034310266785,15.160855627701546,18.177265866724472,0.9072681704260651,79.88264312744141,21.9,19.62,0.5125728845596313,BEATS
fusion,agentic_best_spatcav,bmc,none,True,0.1,ce,0.5,mlp,10,Kazakhstan,3,399,10.432661056518555,,,16.462167836042273,0.7988697156384229,14.986177566970946,17.926125501199323,0.9223057644110275,82.38528366088867,21.9,19.62,0.5227084159851074,BEATS
fusion,agentic_best_spatcav,bmc,none,True,0.15,ce,0.5,mlp,10,Kazakhstan,4,399,10.445960998535156,,,17.129616489909345,0.7912988833916175,15.69485140145572,18.5609416393129,0.9298245614035088,84.67079162597656,21.9,19.62,0.4960155785083771,BEATS
fusion,stacked_legacy,bmc,none,True,0.2,ce,0.5,mlp,10,Romania,0,220,12.884854316711426,,,19.679996553659443,0.6586446512884324,17.555138967614283,21.766855599652633,0.9,88.76088829040526,20.26,18.7,0.5340337157249451,within-noise
fusion,stacked_legacy,bmc,none,True,0.15,ce,0.5,mlp,10,Romania,1,220,12.287725448608398,,,20.08792826966806,0.6500976143870887,18.234927297925406,21.912789019711994,0.9136363636363637,82.39570808410645,20.26,18.7,0.529326856136322,within-noise
fusion,stacked_legacy,bmc,none,True,0.15,ce,0.5,mlp,10,Romania,2,220,12.419652938842773,,,19.94120187380097,0.6578025311117853,18.10962649251927,21.96268553806977,0.8863636363636364,80.99800872802734,20.26,18.7,0.5664180517196655,within-noise
fusion,stacked_legacy,bmc,none,True,0.1,ce,0.5,mlp,10,Romania,3,220,12.291836738586426,,,19.090295470736244,0.6888800529228203,17.249108923893083,21.021142966698516,0.8954545454545455,80.57653570175171,20.26,18.7,0.5793893933296204,within-noise
fusion,stacked_legacy,bmc,none,True,0.2,ce,0.5,mlp,10,Romania,4,220,13.198461532592773,,,19.997843845974312,0.6534811167746004,18.08697866328196,21.963137514016847,0.8863636363636364,80.70935211181643,20.26,18.7,0.5446211695671082,within-noise
fusion,stacked_legacy,bmc,none,True,0.25,ce,0.5,mlp,10,Moldova,0,589,22.439348220825195,,,22.538628761789717,0.8213634013187819,20.84483937552899,24.225211686397998,0.8098471986417657,83.30549545288085,26.16,18.85,0.5669577717781067,BEATS
fusion,stacked_legacy,bmc,none,True,0.15,ce,0.5,mlp,10,Moldova,1,589,20.49435043334961,,,21.541042243280717,0.8012709006113355,19.94807924460626,23.20176873091728,0.8387096774193549,83.86923370361328,26.16,18.85,0.545996904373169,BEATS
fusion,stacked_legacy,bmc,none,True,0.25,ce,0.5,mlp,10,Moldova,2,589,21.615081787109375,,,21.795179742766965,0.7941475447461711,20.26649570900232,23.31804820991281,0.8471986417657046,82.26042480468752,26.16,18.85,0.5653663277626038,BEATS
fusion,stacked_legacy,bmc,none,True,0.1,ce,0.5,mlp,10,Moldova,3,589,20.830108642578125,,,21.44144254087997,0.7963866089110504,19.839000204482538,23.04585560436261,0.8471986417657046,85.53032684326172,26.16,18.85,0.5528581738471985,BEATS
fusion,stacked_legacy,bmc,none,True,0.2,ce,0.5,mlp,10,Moldova,4,589,20.442319869995117,,,22.212454618511057,0.8151247760817559,20.53048604116021,23.87076606339201,0.7928692699490663,79.31698646545411,26.16,18.85,0.58884596824646,BEATS
fusion,stacked_legacy,bmc,none,True,0.15,ce,0.5,mlp,10,Kazakhstan,0,399,10.338417053222656,,,17.14371716773002,0.7950763493184083,15.657772457115632,18.59184251668758,0.9047619047619048,79.92729911804199,21.9,19.62,0.5771103501319885,BEATS
fusion,stacked_legacy,bmc,none,True,0.25,ce,0.5,mlp,10,Kazakhstan,1,399,10.593732833862305,,,16.42103698389572,0.804653828588654,14.879986842259727,17.875014221772812,0.9197994987468672,79.82442932128907,21.9,19.62,0.5406512022018433,BEATS
fusion,stacked_legacy,bmc,none,True,0.2,ce,0.5,mlp,10,Kazakhstan,2,399,10.462932586669922,,,17.048543272341103,0.7862426880108585,15.624845447904036,18.49395537975587,0.9047619047619048,81.60030746459961,21.9,19.62,0.5351744890213013,BEATS
fusion,stacked_legacy,bmc,none,True,0.1,ce,0.5,mlp,10,Kazakhstan,3,399,10.432661056518555,,,17.96996388504081,0.7641700934814045,16.457731374124986,19.511349836478853,0.9072681704260651,83.24538879394532,21.9,19.62,0.5405147075653076,BEATS
fusion,stacked_legacy,bmc,none,True,0.15,ce,0.5,mlp,10,Kazakhstan,4,399,10.445960998535156,,,17.793077421502066,0.7837880195460719,16.44206611259726,19.165029827201728,0.9373433583959899,84.16396827697753,21.9,19.62,0.516109824180603,BEATS
