country,tag,image_id,pred_prob,gt_cavity,gt_alp,png
Romania,pos,2.25.320818203025359256368916085294852082632,0.9260556101799011,1,70.0,/kaggle/working/cavity_attn_pngs/Romania_pos_52082632.png
Romania,pos,2.25.14210295796259087786935205390030337261,0.9138709902763367,1,85.0,/kaggle/working/cavity_attn_pngs/Romania_pos_30337261.png
Romania,neg,1.2.826.0.1.3680043.2.1125.1.36784601250915465976119608213698911,0.024975404143333435,0,0.0,/kaggle/working/cavity_attn_pngs/Romania_neg_13698911.png
Moldova,pos,1.2.826.0.1.3680043.2.1125.1.96527353907330500383860368241811766,0.9322367906570435,1,80.0,/kaggle/working/cavity_attn_pngs/Moldova_pos_41811766.png
Moldova,pos,1.2.826.0.1.3680043.2.1125.1.19210406216262567299081515144308253,0.9254005551338196,1,70.0,/kaggle/working/cavity_attn_pngs/Moldova_pos_44308253.png
Moldova,neg,2.25.78150907819400949278441773241670328329,0.01757200062274933,0,0.0,/kaggle/working/cavity_attn_pngs/Moldova_neg_70328329.png
Kazakhstan,pos,2.25.315730563884763224245616851446656292002,0.9356535077095032,1,65.0,/kaggle/working/cavity_attn_pngs/Kazakhstan_pos_56292002.png
Kazakhstan,pos,2.25.6616238513891000561283709245929617450,0.9124148488044739,1,43.0,/kaggle/working/cavity_attn_pngs/Kazakhstan_pos_29617450.png
Kazakhstan,neg,2.25.104798956444518948295424083735521886228,0.021808484569191933,0,0.0,/kaggle/working/cavity_attn_pngs/Kazakhstan_neg_21886228.png
