mode,rung,held_out,band,n,mae
a1,rung1_mse,Romania,"mild [0,30)",240,22.87091165781021
a1,rung1_mse,Romania,"mod [30,60)",315,22.5138015035599
a1,rung1_mse,Romania,"sev [60,100)",395,15.790169479273542
a1,rung1_mse,Romania,"v.sev [100,140]",150,21.871962038675942
a1,rung1_mse,Moldova,"mild [0,30)",1135,8.582053546128295
a1,rung1_mse,Moldova,"mod [30,60)",545,22.70936347672699
a1,rung1_mse,Moldova,"sev [60,100)",615,25.89277368095832
a1,rung1_mse,Moldova,"v.sev [100,140]",650,42.78141534291781
a1,rung1_mse,Kazakhstan,"mild [0,30)",1065,16.7745008215658
a1,rung1_mse,Kazakhstan,"mod [30,60)",335,22.021889612567957
a1,rung1_mse,Kazakhstan,"sev [60,100)",455,20.76268604718722
a1,rung1_mse,Kazakhstan,"v.sev [100,140]",140,26.146485219682965
a1,agentic_best_spatcav,Romania,"mild [0,30)",240,17.591142825285594
a1,agentic_best_spatcav,Romania,"mod [30,60)",315,25.465710061693947
a1,agentic_best_spatcav,Romania,"sev [60,100)",395,16.23012128419514
a1,agentic_best_spatcav,Romania,"v.sev [100,140]",150,19.73984624226888
a1,agentic_best_spatcav,Moldova,"mild [0,30)",1135,10.870594304353656
a1,agentic_best_spatcav,Moldova,"mod [30,60)",545,21.952293462272085
a1,agentic_best_spatcav,Moldova,"sev [60,100)",615,20.539667721104816
a1,agentic_best_spatcav,Moldova,"v.sev [100,140]",650,38.5626080263578
a1,agentic_best_spatcav,Kazakhstan,"mild [0,30)",1065,13.716381806610896
a1,agentic_best_spatcav,Kazakhstan,"mod [30,60)",335,23.757209033396705
a1,agentic_best_spatcav,Kazakhstan,"sev [60,100)",455,21.136849969297973
a1,agentic_best_spatcav,Kazakhstan,"v.sev [100,140]",140,25.045522894178117
a2,rung1_mse,Romania,"mild [0,30)",240,28.961473867297173
a2,rung1_mse,Romania,"mod [30,60)",315,25.694267170012942
a2,rung1_mse,Romania,"sev [60,100)",395,15.29124928486498
a2,rung1_mse,Romania,"v.sev [100,140]",150,12.650464591979981
a2,rung1_mse,Moldova,"mild [0,30)",1135,14.236877798220135
a2,rung1_mse,Moldova,"mod [30,60)",545,21.134450010312808
a2,rung1_mse,Moldova,"sev [60,100)",615,20.800723855185314
a2,rung1_mse,Moldova,"v.sev [100,140]",650,38.70426377333128
a2,rung1_mse,Kazakhstan,"mild [0,30)",1065,14.179324673710854
a2,rung1_mse,Kazakhstan,"mod [30,60)",335,23.36393260813471
a2,rung1_mse,Kazakhstan,"sev [60,100)",455,22.2234807066865
a2,rung1_mse,Kazakhstan,"v.sev [100,140]",140,21.474696731567384
a2,agentic_best_spatcav,Romania,"mild [0,30)",240,20.731989989678066
a2,agentic_best_spatcav,Romania,"mod [30,60)",315,25.93827419129629
a2,agentic_best_spatcav,Romania,"sev [60,100)",395,16.10949895834621
a2,agentic_best_spatcav,Romania,"v.sev [100,140]",150,13.793384348551433
a2,agentic_best_spatcav,Moldova,"mild [0,30)",1135,10.806612974300258
a2,agentic_best_spatcav,Moldova,"mod [30,60)",545,21.819642427700376
a2,agentic_best_spatcav,Moldova,"sev [60,100)",615,19.821983879707695
a2,agentic_best_spatcav,Moldova,"v.sev [100,140]",650,39.274621298817486
a2,agentic_best_spatcav,Kazakhstan,"mild [0,30)",1065,12.066810628170138
a2,agentic_best_spatcav,Kazakhstan,"mod [30,60)",335,23.484592863339095
a2,agentic_best_spatcav,Kazakhstan,"sev [60,100)",455,20.625203691210064
a2,agentic_best_spatcav,Kazakhstan,"v.sev [100,140]",140,21.122644329071044
a2,agentic_best_tta,Romania,"mild [0,30)",240,24.576134567459423
a2,agentic_best_tta,Romania,"mod [30,60)",315,24.847632825185382
a2,agentic_best_tta,Romania,"sev [60,100)",395,16.204417924035955
a2,agentic_best_tta,Romania,"v.sev [100,140]",150,12.467730077107747
a2,agentic_best_tta,Moldova,"mild [0,30)",1135,14.424551189628467
a2,agentic_best_tta,Moldova,"mod [30,60)",545,24.36220985301044
a2,agentic_best_tta,Moldova,"sev [60,100)",615,18.233354247100955
a2,agentic_best_tta,Moldova,"v.sev [100,140]",650,31.2240869809114
a2,agentic_best_tta,Kazakhstan,"mild [0,30)",1065,17.59798175493876
a2,agentic_best_tta,Kazakhstan,"mod [30,60)",335,23.392633160548424
a2,agentic_best_tta,Kazakhstan,"sev [60,100)",455,20.17428716093629
a2,agentic_best_tta,Kazakhstan,"v.sev [100,140]",140,14.650672612871443
a3,rung1_mse,Romania,"mild [0,30)",240,24.016214475
a3,rung1_mse,Romania,"mod [30,60)",315,20.793659800317457
a3,rung1_mse,Romania,"sev [60,100)",395,19.826004967088604
a3,rung1_mse,Romania,"v.sev [100,140]",150,23.67835806
a3,rung1_mse,Moldova,"mild [0,30)",1135,10.191006625982379
a3,rung1_mse,Moldova,"mod [30,60)",545,14.468915408688073
a3,rung1_mse,Moldova,"sev [60,100)",615,31.115018351434145
a3,rung1_mse,Moldova,"v.sev [100,140]",650,50.254679959015384
a3,rung1_mse,Kazakhstan,"mild [0,30)",1065,16.4690027714554
a3,rung1_mse,Kazakhstan,"mod [30,60)",335,20.639098079402984
a3,rung1_mse,Kazakhstan,"sev [60,100)",455,27.424648767032963
a3,rung1_mse,Kazakhstan,"v.sev [100,140]",140,32.094746671428574
a3,agentic_best_tta,Romania,"mild [0,30)",240,12.800200029583333
a3,agentic_best_tta,Romania,"mod [30,60)",315,23.9708354168254
a3,agentic_best_tta,Romania,"sev [60,100)",395,23.996382205063295
a3,agentic_best_tta,Romania,"v.sev [100,140]",150,25.05954468
a3,agentic_best_tta,Moldova,"mild [0,30)",1135,9.73591519066079
a3,agentic_best_tta,Moldova,"mod [30,60)",545,14.074219802568807
a3,agentic_best_tta,Moldova,"sev [60,100)",615,24.1289223300813
a3,agentic_best_tta,Moldova,"v.sev [100,140]",650,41.025088607076924
a3,agentic_best_tta,Kazakhstan,"mild [0,30)",1065,19.871373954178406
a3,agentic_best_tta,Kazakhstan,"mod [30,60)",335,16.871816732835818
a3,agentic_best_tta,Kazakhstan,"sev [60,100)",455,20.771801185714285
a3,agentic_best_tta,Kazakhstan,"v.sev [100,140]",140,20.85234645
